id,file,reportedtime,occurrencetype,occurrencetypeid,crimetype,crimetypeid,crimecategory,crimecategoryid,location,locationid,neighbourhood,neighbourhoodid,lat,long
4.20E+11,2015-6149,03-07-2015 12:35,Shoplifting,2143-00,Shoplifting,3,Property Crime,1,10XX TERMINAL AVE N,20275,Newcastle/brechin,16,49.181945,-123.952915
4.20E+12,2015-15389,06-07-2015 11:38,Shoplifting,2143-00,Shoplifting,3,Property Crime,1,15XX ESTEVAN RD,20506,Newcastle/brechin,16,49.185796,-123.956212
4.20E+11,2015-6708,03-03-2015 17:14,Shoplifting,2143-00,Shoplifting,3,Property Crime,1,15XX ESTEVAN RD,20506,Newcastle/brechin,16,49.185796,-123.956212
4.20E+12,2015-18874,07-05-2015 13:13,Shoplifting,2143-00,Shoplifting,3,Property Crime,1,18XX DUFFERIN CRES,20677,Northfield,5,49.183802,-123.982534
4.20E+12,2015-18220,6/29/2015 9:05:00 PM,Shoplifting,2143-00,Shoplifting,3,Property Crime,1,18XX DUFFERIN CRES,20677,Northfield,5,49.183802,-123.982534
4.20E+12,2015-14062,5/26/2015 6:48:00 PM,Shoplifting,2143-00,Shoplifting,3,Property Crime,1,18XX DUFFERIN CRES,20677,Northfield,5,49.183802,-123.982534
4.20E+12,2015-12169,05-08-2015 17:20,Shoplifting,2143-00,Shoplifting,3,Property Crime,1,18XX DUFFERIN CRES,20677,Northfield,5,49.183802,-123.982534
4.20E+11,2015-9526,04-12-2015 15:08,Shoplifting,2143-00,Shoplifting,3,Property Crime,1,18XX DUFFERIN CRES,20677,Northfield,5,49.183802,-123.982534
4.20E+11,2015-9332,04-10-2015 15:20,Shoplifting,2143-00,Shoplifting,3,Property Crime,1,18XX DUFFERIN CRES,20677,Northfield,5,49.183802,-123.982534
4.20E+11,2015-7259,3/19/2015 12:30:00 PM,Shoplifting,2143-00,Shoplifting,3,Property Crime,1,18XX DUFFERIN CRES,20677,Northfield,5,49.183802,-123.982534
4.20E+12,2015-17778,6/26/2015 9:19:00 AM,Shoplifting,2143-00,Shoplifting,3,Property Crime,1,1XX NICOL ST,20971,South End,6,49.158916,-123.934058
4.20E+12,2015-16231,6/13/2015 10:50:00 PM,Shoplifting,2143-00,Shoplifting,3,Property Crime,1,1XX NICOL ST,20971,South End,6,49.158916,-123.934058
4.20E+12,2015-15994,06-12-2015 09:08,Shoplifting,2143-00,Shoplifting,3,Property Crime,1,1XX NICOL ST,20971,South End,6,49.158916,-123.934058
4.20E+12,2015-13844,5/24/2015 4:21:00 PM,Shoplifting,2143-00,Shoplifting,3,Property Crime,1,1XX NICOL ST,20971,South End,6,49.158916,-123.934058
4.20E+12,2015-11751,05-05-2015 00:21,Shoplifting,2143-00,Shoplifting,3,Property Crime,1,1XX NICOL ST,20971,South End,6,49.158916,-123.934058
4.20E+11,2015-6365,03-04-2015 22:11,Shoplifting,2143-00,Shoplifting,3,Property Crime,1,1XX NICOL ST,20971,South End,6,49.158916,-123.934058
4.20E+12,2015-16618,6/17/2015 5:46:00 AM,Shoplifting,2143-00,Shoplifting,3,Property Crime,1,23XX NORTHFIELD RD,21317,Diver Lake,13,49.192056,-123.997214
4.20E+11,2015-8794,04-01-2015 21:39,Shoplifting,2143-00,Shoplifting,3,Property Crime,1,2XX SELBY ST,21762,Downtown,2,49.166008,-123.943109
4.20E+12,2015-14281,5/28/2015 5:56:00 PM,Shoplifting,2143-00,Shoplifting,3,Property Crime,1,32XX ISLAND HWY N,21914,Rutherford,12,49.205092,-124.007251
4.20E+12,2015-11268,4/29/2015 7:09:00 PM,Shoplifting,2143-00,Shoplifting,3,Property Crime,1,32XX ISLAND HWY N,21914,Rutherford,12,49.205092,-124.007251
4.20E+12,2015-11255,4/29/2015 5:27:00 PM,Shoplifting,2143-00,Shoplifting,3,Property Crime,1,32XX ISLAND HWY N,21914,Rutherford,12,49.205092,-124.007251
4.20E+12,2015-10380,4/20/2015 6:57:00 PM,Shoplifting,2143-00,Shoplifting,3,Property Crime,1,32XX ISLAND HWY N,21914,Rutherford,12,49.205092,-124.007251
4.20E+11,2015-9267,04-09-2015 22:29,Shoplifting,2143-00,Shoplifting,3,Property Crime,1,39XX VICTORIA AVE,22220,Rutherford,12,49.207922,-124.015407
4.20E+11,2015-8376,3/31/2015 3:38:00 PM,Shoplifting,2143-00,Shoplifting,3,Property Crime,1,39XX VICTORIA AVE,22220,Rutherford,12,49.207922,-124.015407
4.20E+11,2015-5966,03-02-2015 18:52,Shoplifting,2143-00,Shoplifting,3,Property Crime,1,39XX VICTORIA AVE,22220,Rutherford,12,49.207922,-124.015407
4.20E+11,2015-6239,2/25/2015 4:56:00 PM,Shoplifting,2143-00,Shoplifting,3,Property Crime,1,39XX VICTORIA AVE,22220,Rutherford,12,49.207922,-124.015407
4.20E+11,2015-6176,2/20/2015 9:00:00 PM,Shoplifting,2143-00,Shoplifting,3,Property Crime,1,39XX VICTORIA AVE,22220,Rutherford,12,49.207922,-124.015407
4.20E+12,2015-13069,5/17/2015 10:19:00 AM,Shoplifting,2143-00,Shoplifting,3,Property Crime,1,42XX DEPARTURE BAY RD,22482,Rutherford,12,49.206262,-124.002542
4.20E+12,2015-18324,6/30/2015 6:47:00 PM,Shoplifting,2143-00,Shoplifting,3,Property Crime,1,47XX RUTHERFORD RD,22567,Rutherford,12,49.215766,-124.02657
4.20E+12,2015-17841,6/26/2015 8:07:00 PM,Shoplifting,2143-00,Shoplifting,3,Property Crime,1,47XX RUTHERFORD RD,22567,Rutherford,12,49.215766,-124.02657
4.20E+12,2015-16075,06-12-2015 19:47,Shoplifting,2143-00,Shoplifting,3,Property Crime,1,47XX RUTHERFORD RD,22567,Rutherford,12,49.215766,-124.02657
4.20E+12,2015-16034,06-12-2015 14:38,Shoplifting,2143-00,Shoplifting,3,Property Crime,1,47XX RUTHERFORD RD,22567,Rutherford,12,49.215766,-124.02657
4.20E+12,2015-15776,06-10-2015 12:20,Shoplifting,2143-00,Shoplifting,3,Property Crime,1,47XX RUTHERFORD RD,22567,Rutherford,12,49.215766,-124.02657
4.20E+12,2015-12869,5/15/2015 1:50:00 PM,Shoplifting,2143-00,Shoplifting,3,Property Crime,1,47XX RUTHERFORD RD,22567,Rutherford,12,49.215766,-124.02657
4.20E+12,2015-12748,5/14/2015 10:20:00 AM,Shoplifting,2143-00,Shoplifting,3,Property Crime,1,47XX RUTHERFORD RD,22567,Rutherford,12,49.215766,-124.02657
4.20E+12,2015-11580,05-03-2015 00:03,Shoplifting,2143-00,Shoplifting,3,Property Crime,1,47XX RUTHERFORD RD,22567,Rutherford,12,49.215766,-124.02657
4.20E+12,2015-11154,4/28/2015 5:12:00 PM,Shoplifting,2143-00,Shoplifting,3,Property Crime,1,47XX RUTHERFORD RD,22567,Rutherford,12,49.215766,-124.02657
4.20E+12,2015-10935,4/26/2015 2:42:00 PM,Shoplifting,2143-00,Shoplifting,3,Property Crime,1,47XX RUTHERFORD RD,22567,Rutherford,12,49.215766,-124.02657
4.20E+11,2015-8955,04-06-2015 18:26,Shoplifting,2143-00,Shoplifting,3,Property Crime,1,47XX RUTHERFORD RD,22567,Rutherford,12,49.215766,-124.02657
4.20E+11,2015-8584,04-02-2015 12:46,Shoplifting,2143-00,Shoplifting,3,Property Crime,1,47XX RUTHERFORD RD,22567,Rutherford,12,49.215766,-124.02657
4.20E+11,2015-5808,2/23/2015 12:01:00 AM,Shoplifting,2143-00,Shoplifting,3,Property Crime,1,47XX RUTHERFORD RD,22567,Rutherford,12,49.215766,-124.02657
4.20E+12,2015-18773,07-04-2015 18:44,Shoplifting,2143-00,Shoplifting,3,Property Crime,1,5XX 5TH ST,23280,Harewood,10,49.155137,-123.950316
4.20E+12,2015-14304,5/28/2015 9:19:00 PM,Shoplifting,2143-00,Shoplifting,3,Property Crime,1,5XX 5TH ST,23280,Harewood,10,49.155137,-123.950316
4.20E+11,2015-9358,04-10-2015 19:06,Shoplifting,2143-00,Shoplifting,3,Property Crime,1,5XX 5TH ST,23280,Harewood,10,49.155137,-123.950316
4.20E+11,2015-9348,04-10-2015 17:19,Shoplifting,2143-00,Shoplifting,3,Property Crime,1,5XX 5TH ST,23280,Harewood,10,49.155137,-123.950316
4.20E+11,2015-8101,3/28/2015 7:55:00 PM,Shoplifting,2143-00,Shoplifting,3,Property Crime,1,5XX 5TH ST,23280,Harewood,10,49.155137,-123.950316
4.20E+11,2015-4803,03-12-2015 22:35,Shoplifting,2143-00,Shoplifting,3,Property Crime,1,5XX 5TH ST,23280,Harewood,10,49.155137,-123.950316
4.20E+12,2015-17788,6/26/2015 10:43:00 AM,Shoplifting,2143-00,Shoplifting,3,Property Crime,1,5XX 5TH ST,23281,Harewood,10,49.155141,-123.951757
4.20E+12,2015-17453,6/23/2015 8:04:00 PM,Shoplifting,2143-00,Shoplifting,3,Property Crime,1,5XX 5TH ST,23281,Harewood,10,49.155141,-123.951757
4.20E+12,2015-19001,07-06-2015 16:24,Shoplifting,2143-00,Shoplifting,3,Property Crime,1,64XX METRAL DR,23699,Pleasant Valley,20,49.231774,-124.044187
4.20E+12,2015-18103,6/28/2015 9:24:00 PM,Shoplifting,2143-00,Shoplifting,3,Property Crime,1,64XX METRAL DR,23699,Pleasant Valley,20,49.231774,-124.044187
4.20E+12,2015-17663,6/25/2015 10:46:00 AM,Shoplifting,2143-00,Shoplifting,3,Property Crime,1,64XX METRAL DR,23699,Pleasant Valley,20,49.231774,-124.044187
4.20E+12,2015-17331,6/22/2015 5:49:00 PM,Shoplifting,2143-00,Shoplifting,3,Property Crime,1,64XX METRAL DR,23699,Pleasant Valley,20,49.231774,-124.044187
4.20E+12,2015-16703,6/17/2015 5:20:00 PM,Shoplifting,2143-00,Shoplifting,3,Property Crime,1,64XX METRAL DR,23699,Pleasant Valley,20,49.231774,-124.044187
4.20E+12,2015-16700,6/17/2015 4:52:00 PM,Shoplifting,2143-00,Shoplifting,3,Property Crime,1,64XX METRAL DR,23699,Pleasant Valley,20,49.231774,-124.044187
4.20E+12,2015-16687,6/17/2015 2:51:00 PM,Shoplifting,2143-00,Shoplifting,3,Property Crime,1,64XX METRAL DR,23699,Pleasant Valley,20,49.231774,-124.044187
4.20E+12,2015-13976,5/25/2015 8:21:00 PM,Shoplifting,2143-00,Shoplifting,3,Property Crime,1,64XX METRAL DR,23699,Pleasant Valley,20,49.231774,-124.044187
4.20E+12,2015-13176,5/18/2015 1:44:00 PM,Shoplifting,2143-00,Shoplifting,3,Property Crime,1,64XX METRAL DR,23699,Pleasant Valley,20,49.231774,-124.044187
4.20E+12,2015-13116,5/17/2015 7:43:00 PM,Shoplifting,2143-00,Shoplifting,3,Property Crime,1,64XX METRAL DR,23699,Pleasant Valley,20,49.231774,-124.044187
4.20E+12,2015-11624,05-03-2015 15:01,Shoplifting,2143-00,Shoplifting,3,Property Crime,1,64XX METRAL DR,23699,Pleasant Valley,20,49.231774,-124.044187
4.20E+11,2015-9860,4/15/2015 9:00:00 PM,Shoplifting,2143-00,Shoplifting,3,Property Crime,1,64XX METRAL DR,23699,Pleasant Valley,20,49.231774,-124.044187
4.20E+11,2015-8890,04-05-2015 21:13,Shoplifting,2143-00,Shoplifting,3,Property Crime,1,64XX METRAL DR,23699,Pleasant Valley,20,49.231774,-124.044187
4.20E+11,2015-8487,04-01-2015 15:17,Shoplifting,2143-00,Shoplifting,3,Property Crime,1,64XX METRAL DR,23699,Pleasant Valley,20,49.231774,-124.044187
4.20E+11,2015-7396,3/20/2015 7:29:00 PM,Shoplifting,2143-00,Shoplifting,3,Property Crime,1,64XX METRAL DR,23699,Pleasant Valley,20,49.231774,-124.044187
4.20E+11,2015-7361,3/20/2015 2:06:00 PM,Shoplifting,2143-00,Shoplifting,3,Property Crime,1,64XX METRAL DR,23699,Pleasant Valley,20,49.231774,-124.044187
4.20E+11,2015-6104,03-07-2015 22:00,Shoplifting,2143-00,Shoplifting,3,Property Crime,1,64XX METRAL DR,23699,Pleasant Valley,20,49.231774,-124.044187
4.20E+11,2015-5276,03-06-2015 20:00,Shoplifting,2143-00,Shoplifting,3,Property Crime,1,64XX METRAL DR,23699,Pleasant Valley,20,49.231774,-124.044187
4.20E+11,2015-6086,03-04-2015 23:45,Shoplifting,2143-00,Shoplifting,3,Property Crime,1,64XX METRAL DR,23699,Pleasant Valley,20,49.231774,-124.044187
4.20E+11,2015-5270,2/28/2015 7:54:00 PM,Shoplifting,2143-00,Shoplifting,3,Property Crime,1,64XX METRAL DR,23699,Pleasant Valley,20,49.231774,-124.044187
4.20E+12,2015-17587,6/24/2015 6:41:00 PM,Shoplifting,2143-00,Shoplifting,3,Property Crime,1,69XX ISLAND HWY N,23799,Dover,11,49.239605,-124.052475
4.20E+12,2015-15294,06-06-2015 16:36,Shoplifting,2143-00,Shoplifting,3,Property Crime,1,69XX ISLAND HWY N,23799,Dover,11,49.239605,-124.052475
4.20E+12,2015-18172,6/25/2015 7:27:00 PM,Shoplifting,2143-00,Shoplifting,3,Property Crime,1,69XX ISLAND HWY N,23800,Dover,11,49.239695,-124.052457
4.20E+12,2015-17509,6/24/2015 10:12:00 AM,Shoplifting,2143-00,Shoplifting,3,Property Crime,1,69XX ISLAND HWY N,23800,Dover,11,49.239695,-124.052457
4.20E+12,2015-16692,6/17/2015 3:14:00 PM,Shoplifting,2143-00,Shoplifting,3,Property Crime,1,69XX ISLAND HWY N,23800,Dover,11,49.239695,-124.052457
4.20E+12,2015-16027,06-10-2015 14:04,Shoplifting,2143-00,Shoplifting,3,Property Crime,1,69XX ISLAND HWY N,23800,Dover,11,49.239695,-124.052457
4.20E+12,2015-15261,06-06-2015 11:38,Shoplifting,2143-00,Shoplifting,3,Property Crime,1,69XX ISLAND HWY N,23800,Dover,11,49.239695,-124.052457
4.20E+12,2015-12552,05-08-2015 18:00,Shoplifting,2143-00,Shoplifting,3,Property Crime,1,69XX ISLAND HWY N,23800,Dover,11,49.239695,-124.052457
4.20E+12,2015-11453,05-01-2015 18:57,Shoplifting,2143-00,Shoplifting,3,Property Crime,1,69XX ISLAND HWY N,23800,Dover,11,49.239695,-124.052457
4.20E+11,2015-5689,03-12-2015 08:28,Shoplifting,2143-00,Shoplifting,3,Property Crime,1,69XX ISLAND HWY N,23800,Dover,11,49.239695,-124.052457
4.20E+12,2015-13071,5/17/2015 10:37:00 AM,Shoplifting,2143-00,Shoplifting,3,Property Crime,1,6XX ALBERT ST,23827,Downtown,2,49.160335,-123.94065
4.20E+11,2015-9622,4/13/2015 2:10:00 PM,Shoplifting,2143-00,Shoplifting,3,Property Crime,1,6XX ALBERT ST,23827,Downtown,2,49.160335,-123.94065
4.20E+12,2015-18767,07-04-2015 17:34,Shoplifting,2143-00,Shoplifting,3,Property Crime,1,6XX TERMINAL AVE,23977,Downtown,2,49.163786,-123.934558
4.20E+12,2015-17725,6/25/2015 7:55:00 PM,Shoplifting,2143-00,Shoplifting,3,Property Crime,1,6XX TERMINAL AVE,23977,Downtown,2,49.163786,-123.934558
4.20E+12,2015-17573,6/24/2015 5:21:00 PM,Shoplifting,2143-00,Shoplifting,3,Property Crime,1,6XX TERMINAL AVE,23977,Downtown,2,49.163786,-123.934558
4.20E+12,2015-17401,6/23/2015 12:24:00 PM,Shoplifting,2143-00,Shoplifting,3,Property Crime,1,6XX TERMINAL AVE,23977,Downtown,2,49.163786,-123.934558
4.20E+12,2015-16706,6/17/2015 5:56:00 PM,Shoplifting,2143-00,Shoplifting,3,Property Crime,1,6XX TERMINAL AVE,23977,Downtown,2,49.163786,-123.934558
4.20E+12,2015-16646,6/17/2015 10:51:00 AM,Shoplifting,2143-00,Shoplifting,3,Property Crime,1,6XX TERMINAL AVE,23977,Downtown,2,49.163786,-123.934558
4.20E+12,2015-16553,6/16/2015 4:42:00 PM,Shoplifting,2143-00,Shoplifting,3,Property Crime,1,6XX TERMINAL AVE,23977,Downtown,2,49.163786,-123.934558
4.20E+12,2015-16562,6/16/2015 4:30:00 PM,Shoplifting,2143-00,Shoplifting,3,Property Crime,1,6XX TERMINAL AVE,23977,Downtown,2,49.163786,-123.934558
4.20E+12,2015-16511,6/16/2015 11:30:00 AM,Shoplifting,2143-00,Shoplifting,3,Property Crime,1,6XX TERMINAL AVE,23977,Downtown,2,49.163786,-123.934558
4.20E+12,2015-16157,6/13/2015 11:40:00 AM,Shoplifting,2143-00,Shoplifting,3,Property Crime,1,6XX TERMINAL AVE,23977,Downtown,2,49.163786,-123.934558
4.20E+12,2015-16148,6/13/2015 10:04:00 AM,Shoplifting,2143-00,Shoplifting,3,Property Crime,1,6XX TERMINAL AVE,23977,Downtown,2,49.163786,-123.934558
4.20E+12,2015-16070,06-12-2015 19:03,Shoplifting,2143-00,Shoplifting,3,Property Crime,1,6XX TERMINAL AVE,23977,Downtown,2,49.163786,-123.934558
4.20E+12,2015-15833,06-10-2015 20:04,Shoplifting,2143-00,Shoplifting,3,Property Crime,1,6XX TERMINAL AVE,23977,Downtown,2,49.163786,-123.934558
4.20E+12,2015-15184,06-05-2015 20:03,Shoplifting,2143-00,Shoplifting,3,Property Crime,1,6XX TERMINAL AVE,23977,Downtown,2,49.163786,-123.934558
4.20E+12,2015-14506,5/30/2015 4:42:00 PM,Shoplifting,2143-00,Shoplifting,3,Property Crime,1,6XX TERMINAL AVE,23977,Downtown,2,49.163786,-123.934558
4.20E+12,2015-14384,5/25/2015 5:00:00 PM,Shoplifting,2143-00,Shoplifting,3,Property Crime,1,6XX TERMINAL AVE,23977,Downtown,2,49.163786,-123.934558
4.20E+12,2015-13752,5/23/2015 5:56:00 PM,Shoplifting,2143-00,Shoplifting,3,Property Crime,1,6XX TERMINAL AVE,23977,Downtown,2,49.163786,-123.934558
4.20E+12,2015-13638,5/22/2015 4:51:00 PM,Shoplifting,2143-00,Shoplifting,3,Property Crime,1,6XX TERMINAL AVE,23977,Downtown,2,49.163786,-123.934558
4.20E+12,2015-13491,5/21/2015 1:31:00 PM,Shoplifting,2143-00,Shoplifting,3,Property Crime,1,6XX TERMINAL AVE,23977,Downtown,2,49.163786,-123.934558
4.20E+12,2015-13279,5/19/2015 4:14:00 PM,Shoplifting,2143-00,Shoplifting,3,Property Crime,1,6XX TERMINAL AVE,23977,Downtown,2,49.163786,-123.934558
4.20E+12,2015-13262,5/19/2015 1:38:00 PM,Shoplifting,2143-00,Shoplifting,3,Property Crime,1,6XX TERMINAL AVE,23977,Downtown,2,49.163786,-123.934558
4.20E+12,2015-13260,5/19/2015 1:15:00 PM,Shoplifting,2143-00,Shoplifting,3,Property Crime,1,6XX TERMINAL AVE,23977,Downtown,2,49.163786,-123.934558
4.20E+12,2015-13080,5/17/2015 12:25:00 PM,Shoplifting,2143-00,Shoplifting,3,Property Crime,1,6XX TERMINAL AVE,23977,Downtown,2,49.163786,-123.934558
4.20E+12,2015-12601,05-12-2015 18:45,Shoplifting,2143-00,Shoplifting,3,Property Crime,1,6XX TERMINAL AVE,23977,Downtown,2,49.163786,-123.934558
4.20E+12,2015-12300,05-09-2015 20:35,Shoplifting,2143-00,Shoplifting,3,Property Crime,1,6XX TERMINAL AVE,23977,Downtown,2,49.163786,-123.934558
4.20E+12,2015-12275,05-09-2015 15:57,Shoplifting,2143-00,Shoplifting,3,Property Crime,1,6XX TERMINAL AVE,23977,Downtown,2,49.163786,-123.934558
4.20E+12,2015-11542,05-02-2015 17:01,Shoplifting,2143-00,Shoplifting,3,Property Crime,1,6XX TERMINAL AVE,23977,Downtown,2,49.163786,-123.934558
4.20E+12,2015-11443,05-01-2015 17:45,Shoplifting,2143-00,Shoplifting,3,Property Crime,1,6XX TERMINAL AVE,23977,Downtown,2,49.163786,-123.934558
4.20E+12,2015-10919,4/26/2015 12:37:00 PM,Shoplifting,2143-00,Shoplifting,3,Property Crime,1,6XX TERMINAL AVE,23977,Downtown,2,49.163786,-123.934558
4.20E+12,2015-10675,4/23/2015 6:11:00 PM,Shoplifting,2143-00,Shoplifting,3,Property Crime,1,6XX TERMINAL AVE,23977,Downtown,2,49.163786,-123.934558
4.20E+12,2015-10649,4/23/2015 1:18:00 PM,Shoplifting,2143-00,Shoplifting,3,Property Crime,1,6XX TERMINAL AVE,23977,Downtown,2,49.163786,-123.934558
4.20E+12,2015-10492,4/21/2015 7:52:00 PM,Shoplifting,2143-00,Shoplifting,3,Property Crime,1,6XX TERMINAL AVE,23977,Downtown,2,49.163786,-123.934558
4.20E+12,2015-10468,4/21/2015 3:34:00 PM,Shoplifting,2143-00,Shoplifting,3,Property Crime,1,6XX TERMINAL AVE,23977,Downtown,2,49.163786,-123.934558
4.20E+12,2015-10261,4/19/2015 5:05:00 PM,Shoplifting,2143-00,Shoplifting,3,Property Crime,1,6XX TERMINAL AVE,23977,Downtown,2,49.163786,-123.934558
4.20E+12,2015-10248,4/19/2015 1:39:00 PM,Shoplifting,2143-00,Shoplifting,3,Property Crime,1,6XX TERMINAL AVE,23977,Downtown,2,49.163786,-123.934558
4.20E+12,2015-10144,4/18/2015 4:03:00 PM,Shoplifting,2143-00,Shoplifting,3,Property Crime,1,6XX TERMINAL AVE,23977,Downtown,2,49.163786,-123.934558
4.20E+11,2015-9808,4/15/2015 12:53:00 PM,Shoplifting,2143-00,Shoplifting,3,Property Crime,1,6XX TERMINAL AVE,23977,Downtown,2,49.163786,-123.934558
4.20E+11,2015-9733,4/14/2015 5:00:00 PM,Shoplifting,2143-00,Shoplifting,3,Property Crime,1,6XX TERMINAL AVE,23977,Downtown,2,49.163786,-123.934558
4.20E+11,2015-9706,4/14/2015 1:33:00 PM,Shoplifting,2143-00,Shoplifting,3,Property Crime,1,6XX TERMINAL AVE,23977,Downtown,2,49.163786,-123.934558
4.20E+11,2015-9701,4/14/2015 1:06:00 PM,Shoplifting,2143-00,Shoplifting,3,Property Crime,1,6XX TERMINAL AVE,23977,Downtown,2,49.163786,-123.934558
4.20E+11,2015-9338,04-10-2015 16:03,Shoplifting,2143-00,Shoplifting,3,Property Crime,1,6XX TERMINAL AVE,23977,Downtown,2,49.163786,-123.934558
4.20E+11,2015-9324,04-10-2015 14:51,Shoplifting,2143-00,Shoplifting,3,Property Crime,1,6XX TERMINAL AVE,23977,Downtown,2,49.163786,-123.934558
4.20E+11,2015-9327,04-10-2015 14:51,Shoplifting,2143-00,Shoplifting,3,Property Crime,1,6XX TERMINAL AVE,23977,Downtown,2,49.163786,-123.934558
4.20E+11,2015-9299,04-10-2015 11:06,Shoplifting,2143-00,Shoplifting,3,Property Crime,1,6XX TERMINAL AVE,23977,Downtown,2,49.163786,-123.934558
4.20E+11,2015-9159,04-08-2015 19:49,Shoplifting,2143-00,Shoplifting,3,Property Crime,1,6XX TERMINAL AVE,23977,Downtown,2,49.163786,-123.934558
4.20E+11,2015-9156,04-08-2015 19:17,Shoplifting,2143-00,Shoplifting,3,Property Crime,1,6XX TERMINAL AVE,23977,Downtown,2,49.163786,-123.934558
4.20E+11,2015-8993,04-07-2015 10:19,Shoplifting,2143-00,Shoplifting,3,Property Crime,1,6XX TERMINAL AVE,23977,Downtown,2,49.163786,-123.934558
4.20E+11,2015-8503,04-01-2015 12:48,Shoplifting,2143-00,Shoplifting,3,Property Crime,1,6XX TERMINAL AVE,23977,Downtown,2,49.163786,-123.934558
4.20E+11,2015-7959,3/27/2015 12:00:00 PM,Shoplifting,2143-00,Shoplifting,3,Property Crime,1,6XX TERMINAL AVE,23977,Downtown,2,49.163786,-123.934558
4.20E+11,2015-7713,3/24/2015 4:14:00 PM,Shoplifting,2143-00,Shoplifting,3,Property Crime,1,6XX TERMINAL AVE,23977,Downtown,2,49.163786,-123.934558
4.20E+11,2015-7348,3/20/2015 10:41:00 AM,Shoplifting,2143-00,Shoplifting,3,Property Crime,1,6XX TERMINAL AVE,23977,Downtown,2,49.163786,-123.934558
4.20E+11,2015-7202,3/18/2015 6:33:00 PM,Shoplifting,2143-00,Shoplifting,3,Property Crime,1,6XX TERMINAL AVE,23977,Downtown,2,49.163786,-123.934558
4.20E+11,2015-7199,3/18/2015 5:30:00 PM,Shoplifting,2143-00,Shoplifting,3,Property Crime,1,6XX TERMINAL AVE,23977,Downtown,2,49.163786,-123.934558
4.20E+11,2015-7195,3/18/2015 4:23:00 PM,Shoplifting,2143-00,Shoplifting,3,Property Crime,1,6XX TERMINAL AVE,23977,Downtown,2,49.163786,-123.934558
4.20E+11,2015-7098,3/17/2015 3:45:00 PM,Shoplifting,2143-00,Shoplifting,3,Property Crime,1,6XX TERMINAL AVE,23977,Downtown,2,49.163786,-123.934558
4.20E+11,2015-6615,03-12-2015 15:55,Shoplifting,2143-00,Shoplifting,3,Property Crime,1,6XX TERMINAL AVE,23977,Downtown,2,49.163786,-123.934558
4.20E+11,2015-6258,03-08-2015 13:01,Shoplifting,2143-00,Shoplifting,3,Property Crime,1,6XX TERMINAL AVE,23977,Downtown,2,49.163786,-123.934558
4.20E+11,2015-5798,03-03-2015 18:52,Shoplifting,2143-00,Shoplifting,3,Property Crime,1,6XX TERMINAL AVE,23977,Downtown,2,49.163786,-123.934558
4.20E+11,2015-5766,03-03-2015 13:09,Shoplifting,2143-00,Shoplifting,3,Property Crime,1,6XX TERMINAL AVE,23977,Downtown,2,49.163786,-123.934558
4.20E+11,2015-5663,03-02-2015 12:51,Shoplifting,2143-00,Shoplifting,3,Property Crime,1,6XX TERMINAL AVE,23977,Downtown,2,49.163786,-123.934558
4.20E+11,2015-5508,2/28/2015 3:48:00 PM,Shoplifting,2143-00,Shoplifting,3,Property Crime,1,6XX TERMINAL AVE,23977,Downtown,2,49.163786,-123.934558
4.20E+12,2015-14494,5/30/2015 2:16:00 PM,Shoplifting,2143-00,Shoplifting,3,Property Crime,1,8XX CRACE ST,24160,South End,6,49.161893,-123.933734
4.20E+12,2015-16566,6/16/2015 6:28:00 PM,Shoplifting,2143-00,Shoplifting,3,Property Crime,1,X TERMINAL AVE N,25448,Downtown,2,49.170357,-123.940992
4.20E+12,2015-15667,06-09-2015 16:48,Shoplifting,2143-00,Shoplifting,3,Property Crime,1,X TERMINAL AVE N,25448,Downtown,2,49.170357,-123.940992
4.20E+12,2015-19085,07-07-2015 14:08,Shoplifting,2143-00,Shoplifting,3,Property Crime,1,XX 12TH ST,25462,Harewood,10,49.128965,-123.924808
4.20E+12,2015-15286,06-06-2015 15:47,Shoplifting,2143-00,Shoplifting,3,Property Crime,1,XX 12TH ST,25462,Harewood,10,49.128965,-123.924808
4.20E+12,2015-14287,5/28/2015 6:46:00 PM,Shoplifting,2143-00,Shoplifting,3,Property Crime,1,XX 12TH ST,25462,Harewood,10,49.128965,-123.924808
4.20E+12,2015-12776,5/14/2015 2:56:00 PM,Shoplifting,2143-00,Shoplifting,3,Property Crime,1,XX 12TH ST,25462,Harewood,10,49.128965,-123.924808
4.20E+12,2015-12686,5/13/2015 4:11:00 PM,Shoplifting,2143-00,Shoplifting,3,Property Crime,1,XX 12TH ST,25462,Harewood,10,49.128965,-123.924808
4.20E+12,2015-12281,05-09-2015 16:56,Shoplifting,2143-00,Shoplifting,3,Property Crime,1,XX 12TH ST,25462,Harewood,10,49.128965,-123.924808
4.20E+12,2015-11031,4/27/2015 1:31:00 PM,Shoplifting,2143-00,Shoplifting,3,Property Crime,1,XX 12TH ST,25462,Harewood,10,49.128965,-123.924808
4.20E+11,2015-7357,3/20/2015 1:10:00 PM,Shoplifting,2143-00,Shoplifting,3,Property Crime,1,XX 12TH ST,25462,Harewood,10,49.128965,-123.924808
4.20E+12,2015-17323,6/22/2015 4:10:00 PM,Shoplifting,2143-00,Shoplifting,3,Property Crime,1,XX COMMERCIAL ST,25546,Downtown,2,49.165345,-123.936851
4.20E+11,2015-6431,03-10-2015 16:30,Shoplifting,2143-00,Shoplifting,3,Property Crime,1,XX COMMERCIAL ST,25546,Downtown,2,49.165345,-123.936851
4.20E+11,2015-5694,03-02-2015 17:20,Shoplifting,2143-00,Shoplifting,3,Property Crime,1,XX COMMERCIAL ST,25546,Downtown,2,49.165345,-123.936851
4.20E+12,2015-17685,6/25/2015 2:13:00 PM,Shoplifting,2143-00,Shoplifting,3,Property Crime,1,XX VICTORIA CRES,25661,Downtown,2,49.163415,-123.935463
4.20E+12,2015-18890,07-05-2015 15:20,Shoplifting,2143-00,Shoplifting,3,Property Crime,1,45XX UPLANDS DR,25689,Rutherford,12,49.220006,-124.027816
4.20E+12,2015-17550,6/24/2015 3:05:00 PM,Shoplifting,2143-00,Shoplifting,3,Property Crime,1,45XX UPLANDS DR,25689,Rutherford,12,49.220006,-124.027816
4.20E+12,2015-16956,6/19/2015 5:38:00 PM,Shoplifting,2143-00,Shoplifting,3,Property Crime,1,45XX UPLANDS DR,25689,Rutherford,12,49.220006,-124.027816
4.20E+12,2015-16826,6/18/2015 5:12:00 PM,Shoplifting,2143-00,Shoplifting,3,Property Crime,1,45XX UPLANDS DR,25689,Rutherford,12,49.220006,-124.027816
4.20E+12,2015-15917,06-11-2015 14:26,Shoplifting,2143-00,Shoplifting,3,Property Crime,1,45XX UPLANDS DR,25689,Rutherford,12,49.220006,-124.027816
4.20E+12,2015-15088,06-04-2015 17:25,Shoplifting,2143-00,Shoplifting,3,Property Crime,1,45XX UPLANDS DR,25689,Rutherford,12,49.220006,-124.027816
4.20E+12,2015-18637,07-03-2015 13:45,Shoplifting,2143-00,Shoplifting,3,Property Crime,1,65XX AULDS RD,25882,Pleasant Valley,20,49.234343,-124.047647
4.20E+12,2015-15620,06-09-2015 11:26,Shoplifting,2143-00,Shoplifting,3,Property Crime,1,65XX AULDS RD,25882,Pleasant Valley,20,49.234343,-124.047647
4.20E+12,2015-15258,06-06-2015 11:17,Shoplifting,2143-00,Shoplifting,3,Property Crime,1,65XX AULDS RD,25882,Pleasant Valley,20,49.234343,-124.047647
4.20E+12,2015-17666,6/25/2015 11:15:00 AM,Shoplifting,2143-00,Shoplifting,3,Property Crime,1,4XX TERMINAL AVE N,26027,Newcastle/brechin,16,49.176675,-123.947179
4.20E+12,2015-14363,5/29/2015 1:39:00 PM,Shoplifting,2143-00,Shoplifting,3,Property Crime,1,4XX DUNSMUIR ST,26294,Downtown,2,49.163227,-123.937694
4.20E+12,2015-15956,06-11-2015 21:02,Shoplifting,2143-00,Shoplifting,3,Property Crime,1,20XX ISLAND HWY N,26567,Departure Bay,3,49.190218,-123.965792
4.20E+12,2015-11124,4/27/2015 12:00:00 PM,Shoplifting,2143-00,Shoplifting,3,Property Crime,1,20XX ISLAND HWY N,26567,Departure Bay,3,49.190218,-123.965792
4.20E+12,2015-10984,4/27/2015 9:10:00 AM,Shoplifting,2143-00,Shoplifting,3,Property Crime,1,20XX ISLAND HWY N,26567,Departure Bay,3,49.190218,-123.965792
4.20E+11,2015-7342,3/19/2015 3:00:00 PM,Shoplifting,2143-00,Shoplifting,3,Property Crime,1,20XX ISLAND HWY N,26567,Departure Bay,3,49.190218,-123.965792
4.20E+11,2015-5224,03-12-2015 12:15,Shoplifting,2143-00,Shoplifting,3,Property Crime,1,20XX ISLAND HWY N,26567,Departure Bay,3,49.190218,-123.965792
4.20E+11,2015-6848,03-05-2015 16:45,Shoplifting,2143-00,Shoplifting,3,Property Crime,1,20XX ISLAND HWY N,26567,Departure Bay,3,49.190218,-123.965792
4.20E+11,2015-6165,2/21/2015 11:53:00 PM,Shoplifting,2143-00,Shoplifting,3,Property Crime,1,20XX ISLAND HWY N,26567,Departure Bay,3,49.190218,-123.965792
4.20E+12,2015-16790,6/18/2015 12:35:00 PM,Shoplifting,2143-00,Shoplifting,3,Property Crime,1,2XX NICOL ST,26578,South End,6,49.15703,-123.93407
4.20E+12,2015-15958,06-11-2015 21:07,Shoplifting,2143-00,Shoplifting,3,Property Crime,1,66XX ISLAND HWY N,26592,Dover,11,49.236059,-124.045561
4.20E+12,2015-16000,06-08-2015 16:42,Shoplifting,2143-00,Shoplifting,3,Property Crime,1,66XX ISLAND HWY N,26592,Dover,11,49.236059,-124.045561
4.20E+12,2015-12909,5/15/2015 8:17:00 PM,Shoplifting,2143-00,Shoplifting,3,Property Crime,1,66XX ISLAND HWY N,26592,Dover,11,49.236059,-124.045561
4.20E+12,2015-12785,5/14/2015 4:24:00 PM,Shoplifting,2143-00,Shoplifting,3,Property Crime,1,66XX ISLAND HWY N,26592,Dover,11,49.236059,-124.045561
4.20E+12,2015-12854,5/14/2015 2:00:00 PM,Shoplifting,2143-00,Shoplifting,3,Property Crime,1,66XX ISLAND HWY N,26592,Dover,11,49.236059,-124.045561
4.20E+12,2015-12653,05-12-2015 11:42,Shoplifting,2143-00,Shoplifting,3,Property Crime,1,66XX ISLAND HWY N,26592,Dover,11,49.236059,-124.045561
4.20E+12,2015-12054,05-07-2015 19:00,Shoplifting,2143-00,Shoplifting,3,Property Crime,1,66XX ISLAND HWY N,26592,Dover,11,49.236059,-124.045561
4.20E+12,2015-11907,05-05-2015 15:00,Shoplifting,2143-00,Shoplifting,3,Property Crime,1,66XX ISLAND HWY N,26592,Dover,11,49.236059,-124.045561
4.20E+12,2015-10453,4/20/2015 10:15:00 AM,Shoplifting,2143-00,Shoplifting,3,Property Crime,1,66XX ISLAND HWY N,26592,Dover,11,49.236059,-124.045561
4.20E+11,2015-8777,04-03-2015 22:35,Shoplifting,2143-00,Shoplifting,3,Property Crime,1,66XX ISLAND HWY N,26592,Dover,11,49.236059,-124.045561
4.20E+11,2015-8516,04-01-2015 19:11,Shoplifting,2143-00,Shoplifting,3,Property Crime,1,66XX ISLAND HWY N,26592,Dover,11,49.236059,-124.045561
4.20E+11,2015-8498,04-01-2015 16:45,Shoplifting,2143-00,Shoplifting,3,Property Crime,1,66XX ISLAND HWY N,26592,Dover,11,49.236059,-124.045561
4.20E+11,2015-7100,3/17/2015 3:33:00 PM,Shoplifting,2143-00,Shoplifting,3,Property Crime,1,66XX ISLAND HWY N,26592,Dover,11,49.236059,-124.045561
4.20E+11,2015-5182,03-09-2015 11:39,Shoplifting,2143-00,Shoplifting,3,Property Crime,1,66XX ISLAND HWY N,26592,Dover,11,49.236059,-124.045561
4.20E+11,2015-5912,03-08-2015 12:45,Shoplifting,2143-00,Shoplifting,3,Property Crime,1,66XX ISLAND HWY N,26592,Dover,11,49.236059,-124.045561
4.20E+11,2015-5260,03-04-2015 12:34,Shoplifting,2143-00,Shoplifting,3,Property Crime,1,66XX ISLAND HWY N,26592,Dover,11,49.236059,-124.045561
4.20E+11,2015-5440,2/28/2015 3:19:00 PM,Shoplifting,2143-00,Shoplifting,3,Property Crime,1,66XX ISLAND HWY N,26592,Dover,11,49.236059,-124.045561
4.20E+11,2015-5909,2/23/2015 11:45:00 AM,Shoplifting,2143-00,Shoplifting,3,Property Crime,1,66XX ISLAND HWY N,26592,Dover,11,49.236059,-124.045561
4.20E+11,2015-5903,2/20/2015 8:00:00 AM,Shoplifting,2143-00,Shoplifting,3,Property Crime,1,66XX ISLAND HWY N,26592,Dover,11,49.236059,-124.045561
4.20E+12,2015-14990,06-03-2015 21:07,Shoplifting,2143-00,Shoplifting,3,Property Crime,1,14XX BOWEN RD,26620,Northfield,5,49.177346,-123.969914
4.20E+11,2015-9638,4/13/2015 5:10:00 PM,Shoplifting,2143-00,Shoplifting,3,Property Crime,1,14XX BOWEN RD,26620,Northfield,5,49.177346,-123.969914
4.20E+12,2015-11022,4/24/2015 4:30:00 PM,Shoplifting,2143-00,Shoplifting,3,Property Crime,1,20XX BOXWOOD RD,26695,Northfield,5,49.186665,-123.994741
4.20E+11,2015-8070,3/28/2015 1:26:00 PM,Shoplifting,2143-00,Shoplifting,3,Property Crime,1,65XX METRAL DR,26713,Pleasant Valley,20,49.233824,-124.04835
4.20E+11,2015-8012,3/27/2015 8:54:00 PM,Shoplifting,2143-00,Shoplifting,3,Property Crime,1,65XX METRAL DR,26713,Pleasant Valley,20,49.233824,-124.04835
4.20E+11,2015-7998,3/27/2015 7:53:00 PM,Shoplifting,2143-00,Shoplifting,3,Property Crime,1,65XX METRAL DR,26713,Pleasant Valley,20,49.233824,-124.04835
4.20E+11,2015-7977,3/27/2015 3:14:00 PM,Shoplifting,2143-00,Shoplifting,3,Property Crime,1,65XX METRAL DR,26713,Pleasant Valley,20,49.233824,-124.04835
4.20E+12,2015-19086,07-07-2015 14:12,Shoplifting,2143-00,Shoplifting,3,Property Crime,1,68XX ISLAND HWY N,26714,Dover,11,49.2381,-124.048133
4.20E+12,2015-18901,07-05-2015 17:03,Shoplifting,2143-00,Shoplifting,3,Property Crime,1,68XX ISLAND HWY N,26714,Dover,11,49.2381,-124.048133
4.20E+12,2015-17957,6/27/2015 6:59:00 PM,Shoplifting,2143-00,Shoplifting,3,Property Crime,1,68XX ISLAND HWY N,26714,Dover,11,49.2381,-124.048133
4.20E+12,2015-17947,6/27/2015 5:17:00 PM,Shoplifting,2143-00,Shoplifting,3,Property Crime,1,68XX ISLAND HWY N,26714,Dover,11,49.2381,-124.048133
4.20E+12,2015-17336,6/22/2015 6:54:00 PM,Shoplifting,2143-00,Shoplifting,3,Property Crime,1,68XX ISLAND HWY N,26714,Dover,11,49.2381,-124.048133
4.20E+12,2015-17205,6/21/2015 6:07:00 PM,Shoplifting,2143-00,Shoplifting,3,Property Crime,1,68XX ISLAND HWY N,26714,Dover,11,49.2381,-124.048133
4.20E+12,2015-17094,6/20/2015 9:59:00 PM,Shoplifting,2143-00,Shoplifting,3,Property Crime,1,68XX ISLAND HWY N,26714,Dover,11,49.2381,-124.048133
4.20E+12,2015-17072,6/20/2015 7:31:00 PM,Shoplifting,2143-00,Shoplifting,3,Property Crime,1,68XX ISLAND HWY N,26714,Dover,11,49.2381,-124.048133
4.20E+12,2015-16983,6/19/2015 11:06:00 PM,Shoplifting,2143-00,Shoplifting,3,Property Crime,1,68XX ISLAND HWY N,26714,Dover,11,49.2381,-124.048133
4.20E+12,2015-16966,6/19/2015 7:26:00 PM,Shoplifting,2143-00,Shoplifting,3,Property Crime,1,68XX ISLAND HWY N,26714,Dover,11,49.2381,-124.048133
4.20E+12,2015-16071,06-12-2015 19:19,Shoplifting,2143-00,Shoplifting,3,Property Crime,1,68XX ISLAND HWY N,26714,Dover,11,49.2381,-124.048133
4.20E+12,2015-15641,06-09-2015 13:30,Shoplifting,2143-00,Shoplifting,3,Property Crime,1,68XX ISLAND HWY N,26714,Dover,11,49.2381,-124.048133
4.20E+12,2015-15430,06-07-2015 19:19,Shoplifting,2143-00,Shoplifting,3,Property Crime,1,68XX ISLAND HWY N,26714,Dover,11,49.2381,-124.048133
4.20E+12,2015-15046,06-04-2015 12:45,Shoplifting,2143-00,Shoplifting,3,Property Crime,1,68XX ISLAND HWY N,26714,Dover,11,49.2381,-124.048133
4.20E+12,2015-14630,5/31/2015 7:04:00 PM,Shoplifting,2143-00,Shoplifting,3,Property Crime,1,68XX ISLAND HWY N,26714,Dover,11,49.2381,-124.048133
4.20E+12,2015-14305,5/28/2015 9:24:00 PM,Shoplifting,2143-00,Shoplifting,3,Property Crime,1,68XX ISLAND HWY N,26714,Dover,11,49.2381,-124.048133
4.20E+12,2015-14278,5/28/2015 5:39:00 PM,Shoplifting,2143-00,Shoplifting,3,Property Crime,1,68XX ISLAND HWY N,26714,Dover,11,49.2381,-124.048133
4.20E+12,2015-14183,5/27/2015 10:11:00 PM,Shoplifting,2143-00,Shoplifting,3,Property Crime,1,68XX ISLAND HWY N,26714,Dover,11,49.2381,-124.048133
4.20E+12,2015-13951,5/25/2015 3:27:00 PM,Shoplifting,2143-00,Shoplifting,3,Property Crime,1,68XX ISLAND HWY N,26714,Dover,11,49.2381,-124.048133
4.20E+12,2015-13846,5/24/2015 4:00:00 PM,Shoplifting,2143-00,Shoplifting,3,Property Crime,1,68XX ISLAND HWY N,26714,Dover,11,49.2381,-124.048133
4.20E+12,2015-13838,5/24/2015 2:45:00 PM,Shoplifting,2143-00,Shoplifting,3,Property Crime,1,68XX ISLAND HWY N,26714,Dover,11,49.2381,-124.048133
4.20E+12,2015-13119,5/17/2015 8:02:00 PM,Shoplifting,2143-00,Shoplifting,3,Property Crime,1,68XX ISLAND HWY N,26714,Dover,11,49.2381,-124.048133
4.20E+12,2015-13023,5/16/2015 10:50:00 PM,Shoplifting,2143-00,Shoplifting,3,Property Crime,1,68XX ISLAND HWY N,26714,Dover,11,49.2381,-124.048133
4.20E+12,2015-12915,5/15/2015 9:51:00 PM,Shoplifting,2143-00,Shoplifting,3,Property Crime,1,68XX ISLAND HWY N,26714,Dover,11,49.2381,-124.048133
4.20E+12,2015-12891,5/15/2015 5:45:00 PM,Shoplifting,2143-00,Shoplifting,3,Property Crime,1,68XX ISLAND HWY N,26714,Dover,11,49.2381,-124.048133
4.20E+12,2015-12767,5/14/2015 2:13:00 PM,Shoplifting,2143-00,Shoplifting,3,Property Crime,1,68XX ISLAND HWY N,26714,Dover,11,49.2381,-124.048133
4.20E+12,2015-12192,05-08-2015 22:43,Shoplifting,2143-00,Shoplifting,3,Property Crime,1,68XX ISLAND HWY N,26714,Dover,11,49.2381,-124.048133
4.20E+12,2015-11802,05-05-2015 16:45,Shoplifting,2143-00,Shoplifting,3,Property Crime,1,68XX ISLAND HWY N,26714,Dover,11,49.2381,-124.048133
4.20E+12,2015-11649,05-03-2015 23:17,Shoplifting,2143-00,Shoplifting,3,Property Crime,1,68XX ISLAND HWY N,26714,Dover,11,49.2381,-124.048133
4.20E+12,2015-11068,4/27/2015 10:08:00 PM,Shoplifting,2143-00,Shoplifting,3,Property Crime,1,68XX ISLAND HWY N,26714,Dover,11,49.2381,-124.048133
4.20E+12,2015-11050,4/27/2015 4:47:00 PM,Shoplifting,2143-00,Shoplifting,3,Property Crime,1,68XX ISLAND HWY N,26714,Dover,11,49.2381,-124.048133
4.20E+12,2015-10778,4/24/2015 10:11:00 PM,Shoplifting,2143-00,Shoplifting,3,Property Crime,1,68XX ISLAND HWY N,26714,Dover,11,49.2381,-124.048133
4.20E+12,2015-10257,4/19/2015 4:21:00 PM,Shoplifting,2143-00,Shoplifting,3,Property Crime,1,68XX ISLAND HWY N,26714,Dover,11,49.2381,-124.048133
4.20E+11,2015-9549,04-12-2015 19:35,Shoplifting,2143-00,Shoplifting,3,Property Crime,1,68XX ISLAND HWY N,26714,Dover,11,49.2381,-124.048133
4.20E+11,2015-9461,04-11-2015 18:59,Shoplifting,2143-00,Shoplifting,3,Property Crime,1,68XX ISLAND HWY N,26714,Dover,11,49.2381,-124.048133
4.20E+11,2015-8865,04-05-2015 16:06,Shoplifting,2143-00,Shoplifting,3,Property Crime,1,68XX ISLAND HWY N,26714,Dover,11,49.2381,-124.048133
4.20E+11,2015-8095,3/28/2015 7:35:00 PM,Shoplifting,2143-00,Shoplifting,3,Property Crime,1,68XX ISLAND HWY N,26714,Dover,11,49.2381,-124.048133
4.20E+11,2015-7795,3/25/2015 7:05:00 PM,Shoplifting,2143-00,Shoplifting,3,Property Crime,1,68XX ISLAND HWY N,26714,Dover,11,49.2381,-124.048133
4.20E+11,2015-7564,3/22/2015 8:14:00 PM,Shoplifting,2143-00,Shoplifting,3,Property Crime,1,68XX ISLAND HWY N,26714,Dover,11,49.2381,-124.048133
4.20E+11,2015-7546,3/22/2015 3:58:00 PM,Shoplifting,2143-00,Shoplifting,3,Property Crime,1,68XX ISLAND HWY N,26714,Dover,11,49.2381,-124.048133
4.20E+11,2015-7377,3/20/2015 3:54:00 PM,Shoplifting,2143-00,Shoplifting,3,Property Crime,1,68XX ISLAND HWY N,26714,Dover,11,49.2381,-124.048133
4.20E+11,2015-5348,3/14/2015 11:45:00 PM,Shoplifting,2143-00,Shoplifting,3,Property Crime,1,68XX ISLAND HWY N,26714,Dover,11,49.2381,-124.048133
4.20E+11,2015-6829,3/13/2015 4:12:00 PM,Shoplifting,2143-00,Shoplifting,3,Property Crime,1,68XX ISLAND HWY N,26714,Dover,11,49.2381,-124.048133
4.20E+11,2015-5095,03-11-2015 12:01,Shoplifting,2143-00,Shoplifting,3,Property Crime,1,68XX ISLAND HWY N,26714,Dover,11,49.2381,-124.048133
4.20E+11,2015-6854,03-10-2015 16:00,Shoplifting,2143-00,Shoplifting,3,Property Crime,1,68XX ISLAND HWY N,26714,Dover,11,49.2381,-124.048133
4.20E+11,2015-6199,2/28/2015 12:11:00 PM,Shoplifting,2143-00,Shoplifting,3,Property Crime,1,68XX ISLAND HWY N,26714,Dover,11,49.2381,-124.048133
4.20E+11,2015-8243,3/30/2015 7:31:00 PM,Shoplifting,2143-00,Shoplifting,3,Property Crime,1,5XX 5TH ST,26750,Harewood,10,49.155147,-123.953135
4.20E+11,2015-6828,2/20/2015 12:33:00 PM,Shoplifting,2143-00,Shoplifting,3,Property Crime,1,5XX 5TH ST,26750,Harewood,10,49.155147,-123.953135
4.20E+11,2015-9316,04-10-2015 13:39,Shoplifting,2143-00,Shoplifting,3,Property Crime,1,17XX BOWEN RD,26852,Northfield,5,49.181269,-123.979348
4.20E+12,2015-18487,6/30/2015 5:45:00 PM,Shoplifting,2143-00,Shoplifting,3,Property Crime,1,66XX MARY ELLEN DR,26936,Dover,11,49.238461,-124.054878
4.20E+12,2015-13283,5/19/2015 4:36:00 PM,Shoplifting,2143-00,Shoplifting,3,Property Crime,1,12XX ISLAND HWY S,26967,Chase River,8,49.129359,-123.9206
4.20E+11,2015-6717,3/13/2015 4:12:00 PM,Shoplifting,2143-00,Shoplifting,3,Property Crime,1,12XX ISLAND HWY S,26967,Chase River,8,49.129359,-123.9206
4.20E+12,2015-16776,6/18/2015 10:33:00 AM,Shoplifting,2143-00,Shoplifting,3,Property Crime,1,22XX JINGLE POT RD,27019,Westwood,18,49.169152,-123.987229
4.20E+11,2015-8380,3/31/2015 3:51:00 PM,Shoplifting,2143-00,Shoplifting,3,Property Crime,1,29XX NORWELL DR,27241,Departure Bay,3,49.206086,-124.002065
4.20E+11,2015-8459,04-01-2015 11:55,Shoplifting,2143-00,Shoplifting,3,Property Crime,1,41XX DEPARTURE BAY RD,27337,Departure Bay,3,49.20741,-124.001065
4.20E+12,2015-14034,5/26/2015 1:40:00 PM,Shoplifting,2143-00,Shoplifting,3,Property Crime,1,69XX ISLAND HWY N,27421,Dover,11,49.240589,-124.055576
4.20E+12,2015-11780,05-05-2015 11:33,Shoplifting,2143-00,Shoplifting,3,Property Crime,1,69XX ISLAND HWY N,27421,Dover,11,49.240589,-124.055576
4.20E+12,2015-11047,4/27/2015 3:45:00 PM,Shoplifting,2143-00,Shoplifting,3,Property Crime,1,69XX ISLAND HWY N,27421,Dover,11,49.240589,-124.055576
4.20E+11,2015-7878,3/26/2015 5:38:00 PM,Shoplifting,2143-00,Shoplifting,3,Property Crime,1,22XX BOWEN RD,27433,Northfield,5,49.192689,-123.992409
4.20E+11,2015-6417,2/25/2015 8:33:00 AM,Shoplifting,2143-00,Shoplifting,3,Property Crime,1,22XX BOWEN RD,27433,Northfield,5,49.192689,-123.992409
4.20E+11,2015-5753,03-03-2015 11:35,Shoplifting,2143-00,Shoplifting,3,Property Crime,1,58XX TURNER RD,27586,Rutherford,12,49.22509,-124.03647
4.20E+12,2015-15187,06-05-2015 20:37,Shoplifting,2143-00,Shoplifting,3,Property Crime,1,XX COMMERCIAL ST,27716,Downtown,2,49.164745,-123.936729
4.20E+11,2015-8429,04-01-2015 01:14,Shoplifting,2143-00,Shoplifting,3,Property Crime,1,39XX ISLAND HWY N,27903,Rutherford,12,49.206416,-124.013783
4.20E+11,2015-5077,2/23/2015 4:53:00 PM,Shoplifting,2143-00,Shoplifting,3,Property Crime,1,47XX HAMMOND BAY RD,27909,North Slope,7,49.231422,-123.979743
4.20E+11,2015-7439,3/20/2015 11:20:00 PM,Shoplifting,2143-00,Shoplifting,3,Property Crime,1,6XX TRANS-CANADA HWY,27924,Newcastle/brechin,16,49.190645,-123.95355
4.20E+11,2015-6524,3/14/2015 2:30:00 PM,Shoplifting,2143-00,Shoplifting,3,Property Crime,1,6XX TRANS-CANADA HWY,27924,Newcastle/brechin,16,49.190645,-123.95355
4.20E+11,2015-5675,03-06-2015 15:34,Shoplifting,2143-00,Shoplifting,3,Property Crime,1,X CHURCH ST,27945,Downtown,2,49.166907,-123.937153
4.20E+11,2015-7440,3/21/2015 9:45:00 AM,Shoplifting,2143-00,Shoplifting,3,Property Crime,1,67XX ISLAND HWY N,27973,Dover,11,49.237596,-124.047549
4.20E+11,2015-7709,3/24/2015 3:39:00 PM,Shoplifting,2143-00,Shoplifting,3,Property Crime,1,49XX WELLINGTON RD,28035,Diver Lake,13,49.212486,-124.029288
4.20E+12,2015-19089,07-07-2015 14:35,Shoplifting,2143-00,Shoplifting,3,Property Crime,1,44XX BOBAN DR,28051,Pleasant Valley,20,49.209666,-124.039257
4.20E+12,2015-19112,07-07-2015 12:30,Shoplifting,2143-00,Shoplifting,3,Property Crime,1,2XX WALLACE ST,28094,Downtown,2,49.166443,-123.9408
4.20E+12,2015-12783,5/13/2015 7:58:00 PM,Shoplifting,2143-00,Shoplifting,3,Property Crime,1,31XX ISLAND HWY N,28225,Rutherford,12,49.204772,-124.003575
4.20E+12,2015-17428,6/23/2015 4:49:00 PM,Shoplifting,2143-00,Shoplifting,3,Property Crime,1,1XX COMMERCIAL ST,28416,Downtown,2,49.166692,-123.937104
4.20E+12,2015-17828,6/26/2015 6:02:00 PM,Shoplifting,2143-00,Shoplifting,3,Property Crime,1,OLIVER RD / ISLAND HWY N,28548,Pleasant Valley,20,49.219786,-124.034304
